"displaypacketid","forms"
"59115278",Buddy Lay Statement; Medical Treatment Record - Non-Government Facility
"59096683",Correspondence; Medical Receipts; Medical Treatment Record - Non-Government Facility; Third Party Correspondence; VCAADTA Letter
"59080642",Correspondence; Medical Treatment Record - Government Facility
"59072525",Correspondence; Medical Treatment Record - Non-Government Facility
"59075367",Correspondence; Medical Treatment Record - Non-Government Facility
"59076854",Correspondence; Medical Treatment Record - Non-Government Facility
"59080149",Correspondence; Medical Treatment Record - Non-Government Facility
"59094803",Correspondence; Medical Treatment Record - Non-Government Facility
"59096908",Correspondence; Medical Treatment Record - Non-Government Facility
"59099915",Correspondence; Medical Treatment Record - Non-Government Facility
"59101080",Correspondence; Medical Treatment Record - Non-Government Facility
"59113244","Correspondence; Medical Treatment Record - Non-Government Facility; Notification Letter e.g. VA 20-8993, VA 21-0290, P"
"59072642",Court Documents - General; Medical Treatment Record - Non-Government Facility
"59087271",Identification Materials; Medical Treatment Record - Government Facility; Medical Treatment Record - Non-Government Facility
"59085574",Identification Materials; Medical Treatment Record - Non-Government Facility
"59098994",Identification Materials; Medical Treatment Record - Non-Government Facility
"59072653",Medical Receipts; Medical Treatment Record - Non-Government Facility
"59090876",Medical Receipts; Medical Treatment Record - Non-Government Facility
